concept,layer,target_class,mean_sign_count,std_sign_count,p_value,corrected_alpha,significant,direction,n_trials,effect,abs_effect,signed_effect_label
high_note_density,classifier.1,classical,0.3066997518838438,0.1234415996845392,0.0007892535605014,0.0003787878787878,False,not_significant,10,-0.1933002481161562,0.1933002481161562,not_significant
high_note_density,classifier.1,country,0.2707972270363951,0.0755010900776494,5.021279091584816e-06,0.0003787878787878,True,negative,10,-0.22920277296360492,0.22920277296360492,opposes_class
high_note_density,classifier.1,jazz,0.1913636363636363,0.110082779587567,9.6511909428821e-06,0.0003787878787878,True,negative,10,-0.3086363636363637,0.3086363636363637,opposes_class
high_note_density,classifier.1,pop,0.8393376413955442,0.0636447512783301,4.0705929008097815e-08,0.0003787878787878,True,positive,10,0.33933764139554423,0.33933764139554423,supports_class
high_note_density,classifier.1,rock,0.3467717140815654,0.0975861189720879,0.0007748101051709,0.0003787878787878,False,not_significant,10,-0.15322828591843463,0.15322828591843463,not_significant
high_note_density,classifier.1,traditional,0.5951428581135614,0.1228390541872315,0.0367997170607506,0.0003787878787878,False,not_significant,10,0.09514285811356138,0.09514285811356138,not_significant
high_note_density,classifier.2,classical,0.1,0.3162277660168379,0.0031104283103858,0.0003787878787878,False,not_significant,10,-0.4,0.4,not_significant
high_note_density,classifier.2,country,0.4,0.5163977794943223,0.5554454421055854,0.0003787878787878,False,not_significant,10,-0.09999999999999998,0.09999999999999998,not_significant
high_note_density,classifier.2,jazz,0.0,0.0,,0.0003787878787878,False,not_significant,10,-0.5,0.5,not_significant
high_note_density,classifier.2,pop,0.8,0.4216370213557839,0.0510032607069507,0.0003787878787878,False,not_significant,10,0.30000000000000004,0.30000000000000004,not_significant
high_note_density,classifier.2,rock,0.2,0.4216370213557839,0.0510032607069508,0.0003787878787878,False,not_significant,10,-0.3,0.3,not_significant
high_note_density,classifier.2,traditional,0.4,0.5163977794943223,0.5554454421055854,0.0003787878787878,False,not_significant,10,-0.09999999999999998,0.09999999999999998,not_significant
high_pitch_register,classifier.1,classical,0.938296112494591,0.0432314613230451,1.3730039803285858e-10,0.0003787878787878,True,positive,10,0.438296112494591,0.438296112494591,supports_class
high_pitch_register,classifier.1,country,0.5058492201039863,0.1468658946018882,0.9025449645210356,0.0003787878787878,False,not_significant,10,0.005849220103986252,0.005849220103986252,not_significant
high_pitch_register,classifier.1,jazz,0.1892857142857142,0.1336286049995903,4.313707689453007e-05,0.0003787878787878,True,negative,10,-0.31071428571428583,0.31071428571428583,opposes_class
high_pitch_register,classifier.1,pop,0.2206381260626536,0.1207841331186029,4.496581426500202e-05,0.0003787878787878,True,negative,10,-0.2793618739373464,0.2793618739373464,opposes_class
high_pitch_register,classifier.1,rock,0.3792083013221495,0.1928323743656604,0.0789482766482014,0.0003787878787878,False,not_significant,10,-0.1207916986778505,0.1207916986778505,not_significant
high_pitch_register,classifier.1,traditional,0.7908571440151759,0.1074360011551711,1.2827944384316245e-05,0.0003787878787878,True,positive,10,0.29085714401517593,0.29085714401517593,supports_class
high_pitch_register,classifier.2,classical,1.0,0.0,,0.0003787878787878,False,not_significant,10,0.5,0.5,not_significant
high_pitch_register,classifier.2,country,0.2,0.4216370213557839,0.0510032607069508,0.0003787878787878,False,not_significant,10,-0.3,0.3,not_significant
high_pitch_register,classifier.2,jazz,0.3,0.4830458915396479,0.2228683501335199,0.0003787878787878,False,not_significant,10,-0.2,0.2,not_significant
high_pitch_register,classifier.2,pop,0.0,0.0,,0.0003787878787878,False,not_significant,10,-0.5,0.5,not_significant
high_pitch_register,classifier.2,rock,0.5,0.5270462766947299,1.0,0.0003787878787878,False,not_significant,10,0.0,0.0,not_significant
high_pitch_register,classifier.2,traditional,0.8,0.4216370213557839,0.0510032607069507,0.0003787878787878,False,not_significant,10,0.30000000000000004,0.30000000000000004,not_significant
high_polyphony,classifier.1,classical,0.4733664185646845,0.229331704005832,0.7219173565626956,0.0003787878787878,False,not_significant,10,-0.026633581435315523,0.026633581435315523,not_significant
high_polyphony,classifier.1,country,0.4994367417677642,0.2062883204207853,0.9932991838003902,0.0003787878787878,False,not_significant,10,-0.0005632582322357971,0.0005632582322357971,not_significant
high_polyphony,classifier.1,jazz,0.6817532467532468,0.1667721738347119,0.0073168317779174,0.0003787878787878,False,not_significant,10,0.18175324675324678,0.18175324675324678,not_significant
high_polyphony,classifier.1,pop,0.4746365105296952,0.149336881728414,0.6042319290770418,0.0003787878787878,False,not_significant,10,-0.025363489470304812,0.025363489470304812,not_significant
high_polyphony,classifier.1,rock,0.2606456572068232,0.1216418804239885,0.0001546549555837,0.0003787878787878,True,negative,10,-0.2393543427931768,0.2393543427931768,opposes_class
high_polyphony,classifier.1,traditional,0.4571428578410829,0.1487666605995755,0.3860458208370301,0.0003787878787878,False,not_significant,10,-0.042857142158917116,0.042857142158917116,not_significant
high_polyphony,classifier.2,classical,1.0,0.0,,0.0003787878787878,False,not_significant,10,0.5,0.5,not_significant
high_polyphony,classifier.2,country,0.9,0.3162277660168379,0.0031104283103858,0.0003787878787878,False,not_significant,10,0.4,0.4,not_significant
high_polyphony,classifier.2,jazz,1.0,0.0,,0.0003787878787878,False,not_significant,10,0.5,0.5,not_significant
high_polyphony,classifier.2,pop,0.5,0.5270462766947299,1.0,0.0003787878787878,False,not_significant,10,0.0,0.0,not_significant
high_polyphony,classifier.2,rock,0.1,0.3162277660168379,0.0031104283103858,0.0003787878787878,False,not_significant,10,-0.4,0.4,not_significant
high_polyphony,classifier.2,traditional,0.8,0.4216370213557839,0.0510032607069507,0.0003787878787878,False,not_significant,10,0.30000000000000004,0.30000000000000004,not_significant
irregular_ioi,classifier.1,classical,0.9531017369776348,0.0391042839138843,4.1615750073258866e-11,0.0003787878787878,True,positive,10,0.4531017369776348,0.4531017369776348,supports_class
irregular_ioi,classifier.1,country,0.466421143847487,0.1402003744189109,0.4681840934467854,0.0003787878787878,False,not_significant,10,-0.03357885615251299,0.03357885615251299,not_significant
irregular_ioi,classifier.1,jazz,0.2502597402597403,0.1924906268945369,0.0026655797643203,0.0003787878787878,False,not_significant,10,-0.2497402597402597,0.2497402597402597,not_significant
irregular_ioi,classifier.1,pop,0.2691033926059722,0.134915150714228,0.0004262744499703,0.0003787878787878,False,not_significant,10,-0.2308966073940278,0.2308966073940278,not_significant
irregular_ioi,classifier.1,rock,0.5426210607752078,0.1749650309881349,0.4608495792931982,0.0003787878787878,False,not_significant,10,0.042621060775207775,0.042621060775207775,not_significant
irregular_ioi,classifier.1,traditional,0.6331428581987109,0.1232308823803025,0.0076686802333281,0.0003787878787878,False,not_significant,10,0.13314285819871086,0.13314285819871086,not_significant
irregular_ioi,classifier.2,classical,1.0,0.0,,0.0003787878787878,False,not_significant,10,0.5,0.5,not_significant
irregular_ioi,classifier.2,country,0.9,0.3162277660168379,0.0031104283103858,0.0003787878787878,False,not_significant,10,0.4,0.4,not_significant
irregular_ioi,classifier.2,jazz,1.0,0.0,,0.0003787878787878,False,not_significant,10,0.5,0.5,not_significant
irregular_ioi,classifier.2,pop,0.4,0.5163977794943223,0.5554454421055854,0.0003787878787878,False,not_significant,10,-0.09999999999999998,0.09999999999999998,not_significant
irregular_ioi,classifier.2,rock,1.0,0.0,,0.0003787878787878,False,not_significant,10,0.5,0.5,not_significant
irregular_ioi,classifier.2,traditional,1.0,0.0,,0.0003787878787878,False,not_significant,10,0.5,0.5,not_significant
long_notes,classifier.1,classical,0.9520264681752209,0.0391352772822799,4.281204519804981e-11,0.0003787878787878,True,positive,10,0.45202646817522085,0.45202646817522085,supports_class
long_notes,classifier.1,country,0.4043760831889081,0.145195095474691,0.0669777319270684,0.0003787878787878,False,not_significant,10,-0.09562391681109189,0.09562391681109189,not_significant
long_notes,classifier.1,jazz,0.4645454545454545,0.1930663617538119,0.5756810833491788,0.0003787878787878,False,not_significant,10,-0.035454545454545516,0.035454545454545516,not_significant
long_notes,classifier.1,pop,0.2205169628661649,0.0924419192322675,5.194374484590689e-06,0.0003787878787878,True,negative,10,-0.2794830371338351,0.2794830371338351,opposes_class
long_notes,classifier.1,rock,0.2135280553603703,0.1065950250170868,1.3612770352257842e-05,0.0003787878787878,True,negative,10,-0.28647194463962966,0.28647194463962966,opposes_class
long_notes,classifier.1,traditional,0.7205714297975813,0.1035321764823749,8.487977477218078e-05,0.0003787878787878,True,positive,10,0.22057142979758126,0.22057142979758126,supports_class
long_notes,classifier.2,classical,0.9,0.3162277660168379,0.0031104283103858,0.0003787878787878,False,not_significant,10,0.4,0.4,not_significant
long_notes,classifier.2,country,0.3,0.4830458915396479,0.2228683501335199,0.0003787878787878,False,not_significant,10,-0.2,0.2,not_significant
long_notes,classifier.2,jazz,0.3,0.4830458915396479,0.2228683501335199,0.0003787878787878,False,not_significant,10,-0.2,0.2,not_significant
long_notes,classifier.2,pop,0.4,0.5163977794943223,0.5554454421055854,0.0003787878787878,False,not_significant,10,-0.09999999999999998,0.09999999999999998,not_significant
long_notes,classifier.2,rock,0.2,0.4216370213557839,0.0510032607069508,0.0003787878787878,False,not_significant,10,-0.3,0.3,not_significant
long_notes,classifier.2,traditional,0.9,0.3162277660168379,0.0031104283103858,0.0003787878787878,False,not_significant,10,0.4,0.4,not_significant
low_note_density,classifier.1,classical,0.8980976013480582,0.0975583218669265,4.137963407780928e-07,0.0003787878787878,True,positive,10,0.39809760134805816,0.39809760134805816,supports_class
low_note_density,classifier.1,country,0.5713604852686307,0.1446011420945949,0.153055401474949,0.0003787878787878,False,not_significant,10,0.0713604852686307,0.0713604852686307,not_significant
low_note_density,classifier.1,jazz,0.1501298701298701,0.0999999062985636,1.533184779927721e-06,0.0003787878787878,True,negative,10,-0.3498701298701299,0.3498701298701299,opposes_class
low_note_density,classifier.1,pop,0.2602584814589609,0.1969993875149185,0.003915981036123,0.0003787878787878,False,not_significant,10,-0.2397415185410391,0.2397415185410391,not_significant
low_note_density,classifier.1,rock,0.5947732513817707,0.1892378570628818,0.1477181960185296,0.0003787878787878,False,not_significant,10,0.09477325138177073,0.09477325138177073,not_significant
low_note_density,classifier.1,traditional,0.6225714294910432,0.08596207617158,0.0014697725589664,0.0003787878787878,False,not_significant,10,0.12257142949104316,0.12257142949104316,not_significant
low_note_density,classifier.2,classical,1.0,0.0,,0.0003787878787878,False,not_significant,10,0.5,0.5,not_significant
low_note_density,classifier.2,country,0.9,0.3162277660168379,0.0031104283103858,0.0003787878787878,False,not_significant,10,0.4,0.4,not_significant
low_note_density,classifier.2,jazz,1.0,0.0,,0.0003787878787878,False,not_significant,10,0.5,0.5,not_significant
low_note_density,classifier.2,pop,0.3,0.4830458915396479,0.2228683501335199,0.0003787878787878,False,not_significant,10,-0.2,0.2,not_significant
low_note_density,classifier.2,rock,1.0,0.0,,0.0003787878787878,False,not_significant,10,0.5,0.5,not_significant
low_note_density,classifier.2,traditional,1.0,0.0,,0.0003787878787878,False,not_significant,10,0.5,0.5,not_significant
low_pitch_register,classifier.1,classical,0.7719602978234453,0.1996658091939517,0.001969559378018,0.0003787878787878,False,not_significant,10,0.27196029782344533,0.27196029782344533,not_significant
low_pitch_register,classifier.1,country,0.6868284228769499,0.0865175106218875,7.654044367218721e-05,0.0003787878787878,True,positive,10,0.1868284228769499,0.1868284228769499,supports_class
low_pitch_register,classifier.1,jazz,0.3072077922077922,0.1390033279774563,0.0017558444656819,0.0003787878787878,False,not_significant,10,-0.1927922077922078,0.1927922077922078,not_significant
low_pitch_register,classifier.1,pop,0.2818255250632571,0.1828891353040151,0.0044002721646349,0.0003787878787878,False,not_significant,10,-0.2181744749367429,0.2181744749367429,not_significant
low_pitch_register,classifier.1,rock,0.5240199846495444,0.1343572736053691,0.5856561730121546,0.0003787878787878,False,not_significant,10,0.024019984649544357,0.024019984649544357,not_significant
low_pitch_register,classifier.1,traditional,0.3160000006471362,0.1880763104699475,0.0128516569203723,0.0003787878787878,False,not_significant,10,-0.18399999935286382,0.18399999935286382,not_significant
low_pitch_register,classifier.2,classical,0.8,0.4216370213557839,0.0510032607069507,0.0003787878787878,False,not_significant,10,0.30000000000000004,0.30000000000000004,not_significant
low_pitch_register,classifier.2,country,0.6,0.5163977794943223,0.5554454421055854,0.0003787878787878,False,not_significant,10,0.09999999999999998,0.09999999999999998,not_significant
low_pitch_register,classifier.2,jazz,0.1,0.3162277660168379,0.0031104283103858,0.0003787878787878,False,not_significant,10,-0.4,0.4,not_significant
low_pitch_register,classifier.2,pop,0.1,0.3162277660168379,0.0031104283103858,0.0003787878787878,False,not_significant,10,-0.4,0.4,not_significant
low_pitch_register,classifier.2,rock,0.6,0.5163977794943223,0.5554454421055854,0.0003787878787878,False,not_significant,10,0.09999999999999998,0.09999999999999998,not_significant
low_pitch_register,classifier.2,traditional,0.0,0.0,,0.0003787878787878,False,not_significant,10,-0.5,0.5,not_significant
regular_ioi,classifier.1,classical,0.2526054590823386,0.1499929043900747,0.0005522963782892,0.0003787878787878,False,not_significant,10,-0.2473945409176614,0.2473945409176614,not_significant
regular_ioi,classifier.1,country,0.2877816291161178,0.1098360531963875,0.0001770934608191,0.0003787878787878,True,negative,10,-0.21221837088388218,0.21221837088388218,opposes_class
regular_ioi,classifier.1,jazz,0.22,0.1609402481053295,0.000379372692167,0.0003787878787878,False,not_significant,10,-0.28,0.28,not_significant
regular_ioi,classifier.1,pop,0.5401050081401342,0.1287527600889202,0.3503557712427835,0.0003787878787878,False,not_significant,10,0.04010500814013418,0.04010500814013418,not_significant
regular_ioi,classifier.1,rock,0.6329362029345744,0.1503141164695097,0.0208251284942266,0.0003787878787878,False,not_significant,10,0.13293620293457442,0.13293620293457442,not_significant
regular_ioi,classifier.1,traditional,0.6757142873150961,0.1074229148473131,0.0005851096940369,0.0003787878787878,False,not_significant,10,0.17571428731509608,0.17571428731509608,not_significant
regular_ioi,classifier.2,classical,0.2,0.4216370213557839,0.0510032607069508,0.0003787878787878,False,not_significant,10,-0.3,0.3,not_significant
regular_ioi,classifier.2,country,0.1,0.3162277660168379,0.0031104283103858,0.0003787878787878,False,not_significant,10,-0.4,0.4,not_significant
regular_ioi,classifier.2,jazz,0.2,0.4216370213557839,0.0510032607069508,0.0003787878787878,False,not_significant,10,-0.3,0.3,not_significant
regular_ioi,classifier.2,pop,0.9,0.3162277660168379,0.0031104283103858,0.0003787878787878,False,not_significant,10,0.4,0.4,not_significant
regular_ioi,classifier.2,rock,0.0,0.0,,0.0003787878787878,False,not_significant,10,-0.5,0.5,not_significant
regular_ioi,classifier.2,traditional,0.2,0.4216370213557839,0.0510032607069508,0.0003787878787878,False,not_significant,10,-0.3,0.3,not_significant
short_notes,classifier.1,classical,0.3264681555373891,0.1081802732602259,0.0006695035659862,0.0003787878787878,False,not_significant,10,-0.17353184446261088,0.17353184446261088,not_significant
short_notes,classifier.1,country,0.3076689774696707,0.1487961410466205,0.0027272227164301,0.0003787878787878,False,not_significant,10,-0.1923310225303293,0.1923310225303293,not_significant
short_notes,classifier.1,jazz,0.1744155844155844,0.1334714245270144,2.957362731187359e-05,0.0003787878787878,True,negative,10,-0.3255844155844156,0.3255844155844156,opposes_class
short_notes,classifier.1,pop,0.5459208401416539,0.1538550235924992,0.3698976061021385,0.0003787878787878,False,not_significant,10,0.045920840141653874,0.045920840141653874,not_significant
short_notes,classifier.1,rock,0.7442352037513191,0.1083724541238999,5.504111062706133e-05,0.0003787878787878,True,positive,10,0.24423520375131913,0.24423520375131913,supports_class
short_notes,classifier.1,traditional,0.3160000004342624,0.1136027211673017,0.0006263928176636,0.0003787878787878,False,not_significant,10,-0.1839999995657376,0.1839999995657376,not_significant
short_notes,classifier.2,classical,0.7,0.4830458915396479,0.2228683501335203,0.0003787878787878,False,not_significant,10,0.19999999999999996,0.19999999999999996,not_significant
short_notes,classifier.2,country,0.7,0.4830458915396479,0.2228683501335203,0.0003787878787878,False,not_significant,10,0.19999999999999996,0.19999999999999996,not_significant
short_notes,classifier.2,jazz,0.5,0.5270462766947299,1.0,0.0003787878787878,False,not_significant,10,0.0,0.0,not_significant
short_notes,classifier.2,pop,0.8,0.4216370213557839,0.0510032607069507,0.0003787878787878,False,not_significant,10,0.30000000000000004,0.30000000000000004,not_significant
short_notes,classifier.2,rock,0.7,0.4830458915396479,0.2228683501335203,0.0003787878787878,False,not_significant,10,0.19999999999999996,0.19999999999999996,not_significant
short_notes,classifier.2,traditional,0.6,0.5163977794943223,0.5554454421055854,0.0003787878787878,False,not_significant,10,0.09999999999999998,0.09999999999999998,not_significant
strong_velocity,classifier.1,classical,0.5425144748692922,0.1946822515465288,0.507250187372445,0.0003787878787878,False,not_significant,10,0.04251447486929216,0.04251447486929216,not_significant
strong_velocity,classifier.1,country,0.487478336221837,0.0512794640641485,0.4598031993617227,0.0003787878787878,False,not_significant,10,-0.012521663778162995,0.012521663778162995,not_significant
strong_velocity,classifier.1,jazz,0.3853896103896104,0.0909468330229857,0.0031813125732111,0.0003787878787878,False,not_significant,10,-0.1146103896103896,0.1146103896103896,not_significant
strong_velocity,classifier.1,pop,0.5634087238201995,0.1672799450102331,0.2612593869939269,0.0003787878787878,False,not_significant,10,0.06340872382019946,0.06340872382019946,not_significant
strong_velocity,classifier.1,rock,0.6922367409753579,0.0984538567940894,0.0001638059057836,0.0003787878787878,True,positive,10,0.19223674097535792,0.19223674097535792,supports_class
strong_velocity,classifier.1,traditional,0.5685714293888637,0.1703830554453575,0.2350268879209543,0.0003787878787878,False,not_significant,10,0.06857142938886374,0.06857142938886374,not_significant
strong_velocity,classifier.2,classical,0.1,0.3162277660168379,0.0031104283103858,0.0003787878787878,False,not_significant,10,-0.4,0.4,not_significant
strong_velocity,classifier.2,country,0.1,0.3162277660168379,0.0031104283103858,0.0003787878787878,False,not_significant,10,-0.4,0.4,not_significant
strong_velocity,classifier.2,jazz,0.0,0.0,,0.0003787878787878,False,not_significant,10,-0.5,0.5,not_significant
strong_velocity,classifier.2,pop,0.0,0.0,,0.0003787878787878,False,not_significant,10,-0.5,0.5,not_significant
strong_velocity,classifier.2,rock,0.4,0.5163977794943223,0.5554454421055854,0.0003787878787878,False,not_significant,10,-0.09999999999999998,0.09999999999999998,not_significant
strong_velocity,classifier.2,traditional,0.1,0.3162277660168379,0.0031104283103858,0.0003787878787878,False,not_significant,10,-0.4,0.4,not_significant
wide_pitch_range,classifier.1,classical,0.2877584781143367,0.1850740720132525,0.005515816667881,0.0003787878787878,False,not_significant,10,-0.2122415218856633,0.2122415218856633,not_significant
wide_pitch_range,classifier.1,country,0.6483968804159446,0.1865239138548819,0.0329908174816293,0.0003787878787878,False,not_significant,10,0.14839688041594457,0.14839688041594457,not_significant
wide_pitch_range,classifier.1,jazz,0.2783116883116883,0.16454664470414,0.0021098020271497,0.0003787878787878,False,not_significant,10,-0.2216883116883117,0.2216883116883117,not_significant
wide_pitch_range,classifier.1,pop,0.6827140550139648,0.1504335517101123,0.0039613775658717,0.0003787878787878,False,not_significant,10,0.18271405501396476,0.18271405501396476,not_significant
wide_pitch_range,classifier.1,rock,0.5513066871975083,0.1918388513385037,0.4196137668605506,0.0003787878787878,False,not_significant,10,0.051306687197508305,0.051306687197508305,not_significant
wide_pitch_range,classifier.1,traditional,0.5237142866339003,0.1786472225851586,0.6844949740652572,0.0003787878787878,False,not_significant,10,0.023714286633900294,0.023714286633900294,not_significant
wide_pitch_range,classifier.2,classical,0.5,0.5270462766947299,1.0,0.0003787878787878,False,not_significant,10,0.0,0.0,not_significant
wide_pitch_range,classifier.2,country,0.1,0.3162277660168379,0.0031104283103858,0.0003787878787878,False,not_significant,10,-0.4,0.4,not_significant
wide_pitch_range,classifier.2,jazz,0.3,0.4830458915396479,0.2228683501335199,0.0003787878787878,False,not_significant,10,-0.2,0.2,not_significant
wide_pitch_range,classifier.2,pop,0.8,0.4216370213557839,0.0510032607069507,0.0003787878787878,False,not_significant,10,0.30000000000000004,0.30000000000000004,not_significant
wide_pitch_range,classifier.2,rock,0.5,0.5270462766947299,1.0,0.0003787878787878,False,not_significant,10,0.0,0.0,not_significant
wide_pitch_range,classifier.2,traditional,0.3,0.4830458915396479,0.2228683501335199,0.0003787878787878,False,not_significant,10,-0.2,0.2,not_significant
